first_name,last_name,email
agny,AA,agny@ragnarok.com
kevin,BB,kevin@keren.com
dhiar,CC,dhiar@onepiece.com
deva,DD,deva@davdots.com
ceca,EE,ceca@dj.com
hari,FF,hari@senin.com
siti,GG,siti@sukabumi.com
andrew,HH,andrew@database.com
gustaf,II,gustaf@css.com
david,JJ,david@silverhair.com
agrha,KK,agrha@gorengan.com
dennis,LL,dennis@dennis.com
