name,email,phone
Helaina Durn,hdurn0@ask.com,540-266-3155
Angie Exell,aexell1@dyndns.org,646-270-6125
Debi Bergeau,dbergeau2@earthlink.net,226-373-6291
Mae Rickard,mrickard3@java.com,220-970-1577
Tessy Piburn,tpiburn4@vkontakte.ru,577-521-1067
Roderigo Lancashire,rlancashire5@shinystat.com,650-121-1326
Frankie Najera,fnajera6@epa.gov,811-848-9717
Alison Ghidelli,aghidelli7@epa.gov,754-336-8309
Willard Garnsworthy,wgarnsworthy8@gov.uk,463-104-5684
Connor Andrasch,candrasch9@ifeng.com,602-155-7256
Kacy Pethrick,kpethricka@nps.gov,620-989-9870
Otis Miners,ominersb@dot.gov,388-568-2577
Irvine Haeslier,ihaeslierc@unicef.org,998-647-0029
Frants Davidwitz,fdavidwitzd@japanpost.jp,119-831-0729
Sande Gazzard,sgazzarde@goo.ne.jp,546-253-8448
Gordy Grishenkov,ggrishenkovf@aol.com,489-104-3170
Alford Pohls,apohlsg@prlog.org,726-119-0117
Marianna O' Hogan,moh@vimeo.com,150-442-3444
Arda Squirrel,asquirreli@ucoz.com,978-395-5254
Gwen Gentzsch,ggentzschj@hao123.com,170-750-6721
Zacharie Dallman,zdallmank@opera.com,885-712-7883
Rob Pagnin,rpagninl@eventbrite.com,259-869-9166
Maddi Woodage,mwoodagem@samsung.com,873-344-2015
Timi Ireson,tiresonn@nifty.com,704-406-6592
Sallyanne Cambling,scamblingo@hubpages.com,410-684-7571
Nathalie Loffill,nloffillp@xinhuanet.com,280-578-2528
Brewer Lubomirski,blubomirskiq@ifeng.com,298-895-6740
Cyb Stanway,cstanwayr@newyorker.com,828-492-7052
Delmar Aizikovitch,daizikovitchs@pinterest.com,325-258-8886
Sarina Bengle,sbenglet@wired.com,226-728-8706
Anthia Arnoult,aarnoultu@reference.com,318-318-0553
Rafi Goodrich,rgoodrichv@livejournal.com,674-593-8948
Ernie Laslett,elaslettw@mediafire.com,747-570-1355
Carlo Sturt,csturtx@hud.gov,571-780-7327
Palm Darrell,pdarrelly@tinypic.com,298-674-3806
Germaine Rollitt,grollittz@ning.com,683-621-5342
Maison Lindbergh,mlindbergh10@opensource.org,552-283-3887
Seward Hubball,shubball11@netvibes.com,135-775-6783
Nert Jeenes,njeenes12@facebook.com,316-400-8805
Ethelda MacIlhargy,emacilhargy13@patch.com,905-128-5781
Butch Martinuzzi,bmartinuzzi14@qq.com,770-779-2858
Northrop Spybey,nspybey15@i2i.jp,672-310-9745
Aurilia Rowen,arowen16@google.com.hk,314-691-5605
Kipper Duckwith,kduckwith17@vistaprint.com,958-326-6666
Terrel Christmas,tchristmas18@vk.com,302-271-3921
Fionna Widdows,fwiddows19@bbc.co.uk,621-608-3673
Chloette Tatem,ctatem1a@berkeley.edu,760-265-8759
Renee Domino,rdomino1b@adobe.com,801-808-4790
Tyrone Coppen,tcoppen1c@eepurl.com,549-205-5172
Arlin Moyer,amoyer1d@google.es,370-793-7466
Warden Rault,wrault1e@abc.net.au,885-672-6796
Mace Osmant,mosmant1f@sciencedirect.com,453-213-5884
Jerrome Rosenkranc,jrosenkranc1g@hp.com,858-895-2209
Darell Brandts,dbrandts1h@wufoo.com,896-296-0257
Erik Waddicor,ewaddicor1i@admin.ch,580-489-6830
Cornelia Campbell-Dunlop,ccampbelldunlop1j@google.it,385-761-8349
Debbi Vedntyev,dvedntyev1k@github.io,340-782-7798
Lanie Maxweell,lmaxweell1l@yahoo.co.jp,822-848-0441
Griffin Woolliams,gwoolliams1m@techcrunch.com,797-726-2885
Amye Burgne,aburgne1n@51.la,938-941-6897
Base Joselovitch,bjoselovitch1o@theguardian.com,635-702-3412
Ingram Joffe,ijoffe1p@comcast.net,123-745-3386
Nicol Batchan,nbatchan1q@github.com,440-801-9258
Dacey Huddart,dhuddart1r@themeforest.net,283-698-9238
Franny Rowly,frowly1s@sbwire.com,657-189-3138
Fred Drewery,fdrewery1t@blogger.com,724-316-5998
Gerda Luis,gluis1u@princeton.edu,265-431-2486
Hale Whal,hwhal1v@ycombinator.com,718-676-5160
Kimberli Baruch,kbaruch1w@answers.com,538-928-7368
Coraline Oakwell,coakwell1x@creativecommons.org,390-781-8261
Niven Caslake,ncaslake1y@acquirethisname.com,285-742-6503
Chantal Hymor,chymor1z@free.fr,622-440-6338
Ketti Clausen,kclausen20@mac.com,256-865-2512
Evonne Fines,efines21@deliciousdays.com,279-336-0353
Sebastien Edmenson,sedmenson22@techcrunch.com,427-404-8661
Lucille Gehringer,lgehringer23@omniture.com,103-997-7670
Jeralee Jarrold,jjarrold24@i2i.jp,921-487-4498
Blaine Scanlin,bscanlin25@netlog.com,924-220-0510
Gordy Di Iorio,gdi26@csmonitor.com,191-159-0138
Candie Mapes,cmapes27@imgur.com,842-192-6067
Nikolaus Jennery,njennery28@a8.net,393-799-6909
Vaughan Hember,vhember29@webs.com,756-542-2479
Katharyn Gudger,kgudger2a@instagram.com,181-806-0595
Christina Gates,cgates2b@odnoklassniki.ru,886-474-6077
Way Gerriet,wgerriet2c@dion.ne.jp,690-612-1432
Kean Gieraths,kgieraths2d@goo.ne.jp,384-343-7564
Cirilo Jillings,cjillings2e@ftc.gov,555-890-9193
Gard Hacaud,ghacaud2f@nba.com,434-262-5631
Leticia Ricciardo,lricciardo2g@blog.com,374-521-8561
Ermengarde Greder,egreder2h@t.co,342-400-8221
Inger Seid,iseid2i@ted.com,279-455-0814
Zitella Christophersen,zchristophersen2j@ibm.com,392-754-3359
Anallese Gert,agert2k@home.pl,288-961-3307
Ree Aynsley,raynsley2l@prnewswire.com,640-763-4021
Enoch Cloake,ecloake2m@google.ca,119-993-6705
Kala Abbotts,kabbotts2n@multiply.com,307-985-1941
Timmi Bartles,tbartles2o@google.cn,563-818-9763
Beverlie Merwede,bmerwede2p@sfgate.com,608-420-8859
Anjela Champneys,achampneys2q@wikimedia.org,850-138-7220
Bernie Badwick,bbadwick2r@cam.ac.uk,694-885-8831
